the,1226697
i,943617
to,732508
a,690848
is,576152
'',555984
and,473818
of,460125
that,352445
in,346246
it,304846
this,281528
``,277574
for,269585
1,228349
--,209936
x,209522
if,199494
0,197820
on,182234
have,181975
be,179861
with,174947
but,172062
not,171870
my,157804
can,151712
do,137686
as,137319
2,133704
are,119145
n't,113234
from,112543
how,112532
so,111666
n,106291
or,104916
there,103832
an,103427
f,101630
what,91221
we,89126
at,87879
by,86749
\frac,85985
's,85835
then,82335
...,81238
any,81032
'm,79280
all,79161
am,78037
which,77836
b,76574
would,76292
like,70525
using,69262
when,67150
y,67118
one,66629
3,65949
some,64798
c,64325
no,64257
does,64225
r,64109
file,63283
get,62777
t,62369
you,61228
me,59881
use,59635
p,58627
know,56823
new,56417
function,55034
where,54491
\begin,54356
\mathbb,54038
set,53687
\end,52841
was,51155
e,50090
server,49940
let,49907
has,49438
find,47556
want,47516
question,46991
problem,46884
here,46000
will,45162
way,44927
only,44600
following,44095
just,43175
в,42161
o,42128
\\,42086
return,41651
also,41423
error,40918
s,40904
4,40755
g,40645
such,40470
int,40198
two,39743
other,39658
k,39620
up,39492
could,39257
public,38759
now,38640
z,38226
\usepackage,38028
need,37510
m,37286
should,37101
number,37092
windows,36476
about,36403
d,36384
\in,35629
same,35481
've,35420
first,35317
out,34999
string,34290
line,33734
help,33187
tried,33128
document,32581
see,32385
time,32003
-1,31253
5,30306
show,29755
work,29269
true,29091
why,29042
example,28964
de,28768
//,28632
more,28536
v,28497
trying,28457
each,28309
http,28306
they,27943
ubuntu,27922
after,27624
files,27567
и,27503
however,27396
because,27335
into,27314
data,27222
since,27173
text,27126
system,26857
command,26842
name,26616
class=,26562
thanks,26475
prove,26327
make,26144
u,26030
root,26006
these,25818
case,25622
given,25589
code,25224
right,24929
value,24810
something,24652
user,24188
found,24168
==,23984
point,23748
possible,23615
h,23611
ca,23581
class,23156
running,23045
space,22845
que,22834
solution,22824
else,22750
them,22647
10,22417
\right,22145
used,21921
7,21838
answer,21725
не,21686
run,21374
did,21318
equation,21298
than,21187
var,20948
install,20838
q,20575
installed,20485
while,20408
input,20387
list,20292
think,20281
every,20187
open,20156
void,20103
been,20066
на,20056
sure,20021
both,19937
its,19746
even,19744
\infty,19645
\left,19630
type,19419
id,19224
seems,19177
different,19173
version,19098
6,19059
end,18905
try,18898
without,18857
between,18786
как,18670
div,18670
please,18591
\sqrt,18515
package,18484
array,18406
start,18237
understand,18108
result,18073
output,17953
very,17758
l,17730
script,17624
j,17310
correct,17216
page,17067
still,16796
8,16788
above,16679
directory,16650
private,16649
able,16454
\text,16378
proof,16354
group,16335
another,16313
null,16313
over,16279
order,16101
second,16034
table,15974
change,15956
/div,15793
ip,15627
linux,15613
key,15402
say,15391
echo,15331
matrix,15327
\sum_,15325
working,15325
um,15207
works,15204
\to,15116
add,15105
really,15070
false,15002
size,14910
option,14897
got,14735
с,14667
os,14665
numbers,14622
\partial,14596
\mathcal,14532
through,14514
form,14512
edit,14506
network,14487
wrong,14352
solve,14335
test,14313
access,14149
default,14075
left,14067
anyone,14028
part,13986
many,13970
done,13970
below,13786
create,13784
node,13678
theorem,13622
read,13518
may,13477
^2,13454
go,13452
'd,13431
machine,13370
having,13251
\alpha,13203
before,13192
import,13166
update,13048
must,12925
para,12918
\rightarrow,12711
being,12708
sudo,12705
main,12625
suppose,12520
figure,12428
\cdot,12410
write,12403
your,12400
computer,12399
much,12376
w,12360
e^,12354
had,12348
well,12312
someone,12311
\documentclass,12268
process,12260
looking,12148
есть,12141
android,12096
failed,12047
std,11975
values,11966
static,11958
что,11954
field,11953
include,11947
php,11880
device,11790
domain,11780
vector,11768
drive,11714
address,11657
sequence,11646
method,11642
100,11596
я,11546
host,11527
long,11456
image,11430
idea,11405
\leq,11366
kernel,11357
doing,11287
connection,11274
take,11273
points,11213
last,11209
path,11162
port,11154
simple,11071
definition,11067
https,10966
defined,10951
real,10945
define,10936
mean,10861
dx,10843
uma,10842
give,10829
title,10819
their,10794
\pi,10772
id=,10752
link,10751
print,10735
functions,10672
information,10668
instead,10647
our,10644
next,10605
disk,10562
но,10527
already,10501
via,10490
state,10489
note,10475
log,10460
em,10435
message,10410
seem,10391
não,10377
far,10348
9,10342
fine,10341
again,10329
exists,10320
always,10299
^n,10233
source,10215
back,10181
too,10155
\phi,10140
article,10113
book,10065
current,9991
connect,9949
anything,9939
boot,9911
check,9909
com,9909
eu,9886
password,9855
folder,9782
consider,9780
20,9762
issue,9758
none,9750
object,9732
local,9714
appreciated,9680
info,9625
n+1,9611
probability,9588
limit,9584
é,9578
thank,9568
select,9539
sum,9465
lines,9424
\times,9401
\mathbf,9330
going,9295
either,9267
continuous,9249
off,9248
most,9240
section,9224
row,9223
configuration,9209
those,9188
map,9096
look,9066
integral,9041
\delta,9016
says,8986
name=,8967
under,8961
good,8959
client,8951
etc,8936
were,8932
\theta,8885
integer,8884
usb,8832
i.e,8817
down,8807
12,8767
\omega,8749
program,8745
series,8740
assume,8733
bit,8719
yes,8706
n-1,8695
problems,8670
random,8650
url,8646
\lim_,8646
around,8610
const,8596
similar,8586
partition,8569
put,8545
formula,8542
element,8538
screen,8527
application,8502
closed,8492
options,8481
getting,8454
normal,8441
como,8431
\sin,8431
missing,8417
\int_,8415
service,8402
a_,8361
total,8355
reading,8328
product,8311
general,8272
connected,8246
better,8239
cases,8222
type=,8220
actually,8203
\draw,8182
linear,8177
gives,8170
might,8169
elements,8152
everything,8138
currently,8125
index,8120
\lambda,8116
length,8112
column,8112
\mathrm,8109
center,8098
equal,8096
least,8072
advance,8067
bytes,8051
при,8039
это,8026
means,7989
finite,7984
remove,7969
display,7960
positive,7940
x_,7922
ssh,7910
things,7884
для,7868
few,7862
date,7846
thing,7829
hard,7817
times,7815
users,7804
variable,7783
thought,7751
looks,7739
final,7735
software,7716
latex,7707
zero,7693
packages,7686
=0,7683
x_1,7674
tikzpicture,7666
так,7660
nothing,7656
по,7609
mode,7579
tcp,7540
setup,7534
questions,7510
created,7503
x^2,7502
=\frac,7473
bmatrix,7467
break,7461
exist,7456
color,7455
def,7446
width,7437
whether,7435
he,7431
top,7427
setting,7396
11,7385
"0,1",7376
item,7351
three,7350
laptop,7327
da,7320
button,7266
*/,7257
fix,7251
\epsilon,7198
fact,7196
follows,7183
web,7182
а,7175
position,7147
made,7143
internet,7087
то,7070
td,7060
box,7037
email,7022
shows,7014
single,7002
sets,6972
\cos,6971
\forall,6959
though,6950
maybe,6949
available,6948
00,6946
lot,6934
thus,6924
empty,6912
align,6902
settings,6884
virtual,6884
если,6877
results,6872
this-,6859
approach,6847
из,6817
calculate,6814
view,6802
environment,6778
side,6767
inside,6760
15,6723
wondering,6721
exactly,6716
power,6712
double,6681
specific,6672
old,6656
standard,6652
estou,6619
therefore,6601
\textbf,6597
step,6585
site,6584
href=,6579
terminal,6567
\sigma,6567
count,6563
axis,6555
post,6551
free,6543
tell,6524
\mu,6520
status,6511
accept,6481
terms,6477
login,6465
ok,6463
servers,6461
contains,6457
statement,6447
\vec,6425
memory,6403
circle,6399
pmatrix,6380
block,6377
variables,6373
30,6364
/td,6361
html,6358
\node,6346
na,6343
se,6343
red,6339
reason,6338
value=,6336
explain,6331
constant,6328
multiple,6325
\dfrac,6324
started,6302
allow,6301
li,6297
/a,6279
desktop,6269
attempt,6265
format,6197
best,6168
quite,6163
switch,6159
called,6133
theory,6122
request,6110
small,6102
x_n,6090
easy,6074
interface,6073
solutions,6069
range,6058
added,6028
\le,6016
graph,6015
prime,6014
come,5992
font,5980
stuck,5977
16,5969
instance,5957
background,5926
-a,5925
a_n,5916
call,5916
height,5907
card,5901
complex,5901
errors,5883
commands,5883
frame,5848
home,5846
distribution,5842
x^,5828
location,5827
char,5815
simply,5809
model,5807
window,5793
copy,5786
equations,5784
’,5766
account,5764
full,5751
mysql,5738
label,5738
difference,5737
kind,5736
search,5734
-f,5719
particular,5710
support,5694
database,5683
ideas,5681
pc,5669
router,5660
related,5659
span,5652
\gamma,5645
warning,5643
driver,5637
black,5632
move,5626
dns,5625
course,5614
required,5590
сделать,5588
enough,5579
controller,5571
written,5569
apache,5567
override,5561
remote,5553
нужно,5550
within,5540
все,5538
installation,5533
based,5527
yet,5510
property,5509
\geq,5497
dt,5495
starting,5492
\ldots,5486
app,5471
chapter,5458
i=1,5450
guess,5448
module,5448
e.g,5446
reference,5442
rather,5437
content,5433
load,5432
force,5426
clear,5423
13,5403
several,5402
little,5399
word,5386
once,5379
hence,5372
keep,5338
||,5337
makes,5337
argument,5309
less,5294
mas,5289
50,5280
draw,5279
original,5271
вот,5256
\beta,5256
unable,5222
i++,5220
itself,5214
never,5208
us,5195
level,5186
+=,5181
bash,5175
apt-get,5166
sense,5158
own,5146
можно,5143
\bbb,5137
delete,5133
basis,5126
speed,5124
-\frac,5117
menu,5115
bounded,5114
control,5103
direction,5093
volume,5082
25,5067
operator,5064
self,5060
debug1,5053
complete,5048
у,5037
polynomial,5034
event,5006
rule,5005
google,5003
place,4997
grep,4995
context,4985
large,4984
seen,4958
query,4957
config,4946
header,4940
код,4926
expected,4917
unit,4914
чтобы,4914
sql,4910
correctly,4899
recently,4894
term,4883
author,4876
\overline,4876
\quad,4874
expression,4870
x_2,4865
0.0,4858
checking,4838
tikz,4831
area,4828
shell,4802
uses,4798
changed,4792
goes,4785
words,4782
people,4779
\cap,4777
base,4776
tenho,4762
cpu,4755
description,4746
\n,4743
certain,4737
ways,4715
thinking,4715
asked,4680
determine,4656
\hline,4655
\dots,4653
send,4652
código,4650
task,4646
choose,4641
-i,4639
changes,4636
ii,4629
subset,4621
fixed,4616
intel,4603
square,4591
distance,4586
pdf,4586
said,4586
appears,4583
n=1,4582
или,4562
until,4560
mac,4546
x\in,4539
automatically,4536
fazer,4519
minimum,4518
к,4517
\subset,4511
max,4504
generated,4496
enter,4494
except,4488
writing,4486
-p,4486
video,4482
python,4479
\int,4474
head,4466
gets,4461
algebra,4441
external,4439
\newcommand,4424
interval,4422
anywhere,4420
/li,4418
needed,4413
мне,4412
mail,4397
came,4397
compact,4397
\item,4390
happens,4385
active,4385
///,4385
energy,4382
pages,4381
target,4378
apply,4369
year,4366
math,4365
trouble,4362
\langle,4361
basic,4356
infinite,4347
whole,4339
adding,4337
java,4330
pretty,4323
-2,4322
'll,4318
previous,4314
sort,4313
according,4311
cd,4311
14,4305
enabled,4299
independent,4294
unknown,4293
por,4286
src=,4272
tabular,4270
shown,4268
ask,4265
manually,4259
picture,4257
configure,4257
identity,4254
blue,4254
derivative,4245
auto,4244
br,4235
close,4232
^\infty,4226
click,4224
ms,4222
response,4214
spaces,4206
answers,4203
style=,4203
integers,4195
80,4193
exit,4187
bool,4180
who,4178
due,4175
per,4173
debian,4167
comes,4162
condition,4151
configured,4150
x_0,4149
provide,4149
entry,4146
float,4134
backup,4132
"0,0",4130
\hat,4126
measure,4122
body,4120
ring,4118
\cdots,4112
equivalent,4112
vm,4107
converges,4104
probably,4103
+\frac,4103
session,4102
properties,4098
understanding,4095
ou,4084
installing,4082
template,4075
action,4074
match,4070
maximum,4070
believe,4070
directly,4067
hint,4062
f_,4056
confused,4054
extension,4048
day,4045
debug,4044
groups,4035
style,4034
metric,4033
vectors,4030
taking,4025
\ln,4014
monitor,4009
..,4001
nome,3994
wanted,3993
finding,3992
build,3989
\neq,3984
appreciate,3980
64,3972
system.out.println,3971
mount,3963
returns,3961
known,3954
ele,3942
takes,3940
manager,3936
further,3934
completely,3934
=1,3929
stop,3927
\operatorname,3922
upgrade,3916
download,3910
cat,3898
exercise,3879
algorithm,3879
internal,3875
website,3873
continue,3871
player,3870
needs,3869
exception,3869
appear,3868
hand,3867
suggestions,3860
seconds,3846
dados,3846
\bar,3844
ли,3843
bar,3833
inequality,3832
game,3830
22,3829
x_i,3829
steps,3824
/*,3824
depends,3822
making,3817
i386,3816
loop,3813
're,3810
2\pi,3810
valid,3809
ls,3802
/span,3802
across,3799
plane,3797
ram,3759
tr,3759
coordinates,3744
worked,3742
2^,3739
showing,3729
security,3724
checked,3714
during,3703
compute,3696
odd,3695
states,3694
17,3693
amd64,3687
username,3685
amount,3683
relation,3680
basically,3679
insert,3678
additional,3669
24,3650
somehow,3649
unique,3642
sometimes,3638
quando,3636
только,3618
obviously,3617
examples,3616
keyboard,3609
structure,3607
feel,3605
creating,3603
assuming,3599
processing,3599
a_1,3594
along,3592
physical,3587
catch,3580
gb,3578
require,3578
inner,3578
img,3578
devices,3577
bad,3575
\log,3561
\psi,3560
boolean,3555
\varphi,3553
core,3550
eth0,3543
issues,3538
printf,3532
align*,3531
topology,3523
names,3513
21,3513
tree,3505
light,3497
wireless,3493
ao,3491
great,3487
localhost,3483
ab,3481
columns,3477
angle,3474
/p,3467
está,3466
initial,3465
contain,3464
curve,3461
restart,3459
ping,3451
k=1,3450
permissions,3450
regular,3449
\section,3445
edge,3443
replace,3442
iptables,3436
begin,3436
report,3434
removed,3427
turn,3421
dependency,3408
geometry,3403
matter,3398
меня,3396
mwe,3395
machines,3394
operation,3394
1000,3392
/**,3390
natural,3390
days,3384
conditions,3380
\implies,3372
bottom,3368
f_n,3366
18,3366
common,3365
high,3361
execute,3360
solving,3360
/option,3358
online,3357
chain,3354
hardware,3350
th,3347
centos,3337
perhaps,3337
pass,3335
implies,3327
firefox,3322
ideal,3321
paper,3317
interested,3316
meu,3315
language,3313
degree,3312
nginx,3310
matrices,3308
\subseteq,3305
\mathfrak,3298
valor,3296
short,3287
almost,3283
nice,3275
items,3274
\binom,3271
white,3269
character,3269
wo,3266
str,3260
isso,3257
important,3253
third,3252
asking,3248
jan,3240
properly,3239
surface,3233
his,3231
noticed,3226
contents,3223
-j,3223
stuff,3220
project,3219
cell,3218
triangle,3213
tool,3205
applications,3204
rules,3202
otherwise,3201
-x,3200
60,3200
obvious,3198
follow,3197
browser,3193
images,3192
supposed,3189
mass,3185
sed,3184
save,3183
proceed,3178
disabled,3177
details,3175
parts,3175
runs,3174
radius,3173
args,3169
ethernet,3168
parameter,3168
2n,3166
erro,3160
filename,3160
success,3158
32,3151
analysis,3146
clearly,3145
chrome,3145
keys,3140
param,3137
-c,3137
drivers,3136
together,3132
-l,3129
containing,3129
negative,3129
extra,3122
pid,3122
\equiv,3116
actual,3112
бы,3112
tab,3112
cout,3111
big,3107
его,3106
share,3103
exact,3103
myself,3099
\label,3097
может,3097
tex,3087
работает,3085
necessary,3083
separate,3081
-o,3078
usage,3077
useful,3070
scope,3070
proxy,3068
sent,3067
\multicolumn,3062
200,3056
im,3053
hours,3053
changing,3051
holds,3050
category,3045
entries,3042
messages,3036
rectangle,3033
+1,3026
updates,3025
minutes,3025
xp,3023
\ge,3021
differential,3020
destination,3020
drives,3019
comment,3012
unfortunately,3012
although,3008
methods,3006
\exists,3003
k+1,3002
\rangle,2998
easily,2995
exemplo,2994
english,2985
/script,2985
notice,2977
a^,2977
-m,2977
ball,2968
\cup,2964
fields,2961
dy,2958
ones,2957
enable,2954
characters,2953
fails,2946
512,2943
child,2943
graphics,2941
explanation,2938
later,2938
folders,2938
convert,2931
handle,2928
ssl,2927
-t,2927
sample,2922
вопрос,2920
references,2914
systems,2913
logs,2910
starts,2908
rest,2903
\renewcommand,2902
23,2898
же,2888
ran,2888
foreach,2878
services,2874
live,2874
rate,2870
-s,2867
traffic,2865
arbitrary,2864
global,2862
19,2862
route,2862
achieve,2861
**,2858
performance,2856
unix,2856
four,2855
situation,2853
longer,2851
f^,2851
cache,2850
seguinte,2850
\tau,2843
0.00,2843
thread,2842
authentication,2841
forward,2841
-d,2841
happen,2841
disable,2840
certificate,2840
special,2839
git,2836
bound,2829
obtain,2826
minimal,2812
rows,2812
nodes,2810
ps,2808
undefined,2808
greatly,2804
parameters,2803
ago,2800
microsoft,2799
\color,2794
usually,2793
swap,2787
entire,2787
shared,2778
ports,2778
invalid,2777
2008,2775
lower,2775
received,2768
-\infty,2767
objects,2760
_post,2760
через,2756
convergence,2750
loaded,2749
inverse,2748
vpn,2747
library,2740
solved,2738
db,2736
0.0.0.0/0,2736
subgroup,2735
split,2725
finally,2725
hit,2725
primary,2723
onto,2723
partial,2720
generate,2720
reboot,2719
proper,2707
foo,2706
cause,2702
hope,2701
often,2699
2012,2699
sorry,2698
mouse,2695
effect,2693
custom,2692
admin,2689
^3,2689
\mid,2688
preciso,2688
sub,2685
-r,2683
symbol,2679
listen,2679
outside,2677
-n,2674
directories,2672
play,2671
40,2670
upper,2670
dimension,2666
job,2665
hold,2661
connections,2659
updated,2658
2x,2654
stack,2651
dpkg,2649
whenever,2647
permission,2643
various,2642
notation,2642
он,2641
hdd,2638
hints,2638
p_,2637
tools,2627
throw,2626
\circ,2621
logic,2619
roots,2619
provided,2619
500,2616
including,2615
choice,2615
len,2612
esse,2599
successfully,2597
green,2596
dim,2594
smooth,2593
differentiable,2590
looked,2588
thick,2588
1/2,2584
went,2582
couple,2581
console,2577
others,2574
kb,2574
respect,2573
store,2571
plot,2565
algebraic,2563
compile,2561
avoid,2560
policy,2559
pattern,2557
today,2556
requires,2550
sound,2550
audio,2549
person,2546
whose,2541
notes,2539
min,2539
transform,2537
ij,2536
от,2536
board,2535
allowed,2534
proving,2533
years,2531
binary,2529
denote,2524
moving,2524
mathematical,2521
adapter,2520
corresponding,2513
somewhere,2509
26,2507
\big,2505
expect,2504
\rho,2504
parent,2502
grub,2498
ssd,2496
absolute,2496
wifi,2495
подскажите,2494
family,2494
nvidia,2489
specifically,2487
programs,2487
json,2483
│,2481
\displaystyle,2480
container,2478
b_,2476
быть,2475
record,2471
taken,2471
27,2471
protected,2470
integration,2469
ff,2463
raid,2459
specified,2457
denied,2457
stream,2457
pair,2453
latest,2452
firewall,2451
partitions,2451
release,2451
extends,2451
14.04,2450
solid,2448
master,2447
dhcp,2447
rational,2445
requests,2443
31,2441
computers,2439
prompt,2439
factor,2437
который,2436
processes,2435
direct,2431
saying,2426
documentation,2421
\bf,2420
данные,2418
porém,2416
arraylist,2415
\includegraphics,2415
feature,2413
err,2413
проблема,2410
apr,2409
lost,2408
testing,2407
storage,2407
duplicate,2407
named,2406
transformation,2404
num,2404
relative,2403
já,2399
induction,2398
dual,2397
|f,2392
margin,2392
moment,2390
coordinate,2389
файл,2387
после,2385
\caption,2384
bus,2383
exchange,2382
arguments,2379
links,2379
i=0,2374
selected,2374
будет,2371
anyway,2370
remember,2369
sides,2368
building,2367
12.04,2357
такой,2355
hello,2353
lan,2353
y^2,2351
velocity,2347
struct,2345
lists,2345
bios,2343
problema,2340
office,2339
average,2338
tables,2337
a_i,2335
non,2332
udp,2332
vertices,2330
caption,2329
behavior,2328
density,2325
byte,2325
subject,2323
tag,2322
jul,2322
evaluate,2319
smaller,2318
company,2318
plugin,2313
fail,2312
versions,2310
ex,2308
present,2306
greater,2305
n^2,2304
press,2303
intersection,2302
prevent,2300
4096,2300
filter,2299
existing,2298
relevant,2296
alias,2294
express,2294
contradiction,2294
rank,2293
allows,2291
manual,2290
r^2,2288
upgraded,2285
например,2285
boundary,2284
media,2284
javascript,2283
ftp,2283
minipage,2282
wikipedia,2281
counter,2280
supported,2278
tabela,2277
gnome,2275
classes,2275
uniformly,2275
world,2273
protocol,2273
filesystem,2272
n=0,2271
vertical,2271
export,2268
alert,2268
connecting,2267
norm,2266
clients,2262
t1,2259
sign,2259
fi,2255
-e,2249
trivial,2248
loading,2247
repository,2247
becomes,2244
calculus,2244
lemma,2242
grid,2242
xml,2238
half,2237
mentioned,2235
ad,2234
u_,2233
unity,2233
away,2231
construct,2228
symmetric,2226
syntax,2225
anybody,2224
origin,2219
pci,2216
addition,2212
0.5,2212
considering,2211
representation,2209
behind,2207
hidden,2205
meaning,2205
tem,2204
babel,2202
\centering,2199
temp,2197
comments,2190
\sum,2190
flags,2190
aug,2186
advice,2185
easier,2185
buffer,2182
guest,2181
topological,2181
distinct,2180
blocks,2178
forma,2177
inputenc,2176
dev,2175
===,2174
join,2172
arquivo,2172
ser,2168
icon,2166
\chapter,2166
ul,2164
addresses,2162
xy,2159
c_,2158
gostaria,2157
managed,2157
drop,2156
\over,2155
mais,2155
\dot,2154
sep,2152
console.log,2150
resolve,2150
specify,2147
mar,2147
mb,2146
/tr,2139
respectively,2138
api,2129
\setlength,2129
=f,2128
layout,2125
macro,2124
normally,2118
slow,2117
excel,2117
k=0,2116
rev,2114
reset,2109
win,2108
могу,2106
wrote,2101
wonder,2101
0pt,2098
particle,2094
decided,2094
followed,2092
90,2086
definitions,2086
larger,2086
downloaded,2086
utf8,2085
aligned,2085
corporation,2084
queue,2082
usual,2080
physics,2073
scripts,2073
saw,2071
region,2071
v_,2063
subspace,2062
val,2062
coefficients,2061
tx,2060
verify,2060
r2,2057
phone,2056
balls,2056
gateway,2055
a_2,2053
applied,2052
middle,2052
”,2052
conclude,2049
hostname,2047
mapping,2046
clean,2045
unsigned,2044
cards,2044
abstract,2042
pro,2039
пожалуйста,2038
gui,2037
limits,2035
maps,2030
month,2029
types,2028
29,2028
2013,2027
feb,2027
mounted,2026
channel,2024
included,2024
\tilde,2023
amsmath,2023
bundle,2023
letter,2022
s_,2022
desired,2022
collection,2021
\vert,2017
returned,2016
cursor,2016
component,2015
claim,2014
utf-8,2011
locally,2010
potential,2010
told,2010
\varepsilon,2009
modules,2007
giving,2006
v_1,2004
df,2002
searching,2001
nov,2000
k-1,2000
et,1999
low,1995
happening,1992
=\,1992
satisfies,1991
ie,1990
“,1990
t_,1990
res,1989
nor,1987
sites,1987
0\,1984
sequences,1983
-v,1982
deleted,1978
failure,1978
-3,1977
namespace,1977
127.0.0.1,1976
experience,1975
management,1973
init,1972
strange,1968
sending,1965
law,1964
subsets,1962
necessarily,1962
hosts,1961
jun,1961
mind,1959
expansion,1958
combination,1957
countable,1951
minha,1950
broken,1949
a4paper,1948
events,1947
fill,1944
digits,1940
strings,1938
cable,1937
vertex,1936
/label,1932
\usetikzlibrary,1930
interesting,1930
suggest,1926
proved,1923
systemd,1923
bits,1922
letters,1921
x+1,1921
diagram,1920
когда,1920
xx,1920
whatever,1918
packets,1918
receive,1918
learn,1917
textbook,1917
produce,1915
\tag,1915
\nabla,1914
rgb,1913
increasing,1912
banco,1912
mod,1912
polynomials,1911
\left\,1911
redirect,1910
socket,1909
higher,1908
mistake,1907
document.getelementbyid,1906
resource,1903
net,1902
35,1901
modify,1900
0.0.0.0,1900
dec,1899
28,1895
função,1895
removing,1894
\mathscr,1891
logged,1890
convergent,1888
prefer,1887
units,1885
offset,1884
satisfy,1884
resolution,1882
x\to,1881
arr,1880
measurable,1880
apparently,1878
endl,1877
convex,1877
fast,1875
bug,1874
eigenvalues,1874
ошибка,1866
rx,1863
isomorphism,1862
массив,1861
toc,1861
x-1,1860
multiplication,1860
stored,1858
logical,1858
cells,1858
upon,1853
increase,1853
typename,1852
incorrect,1851
welcome,1849
aware,1849
assim,1846
=\sum_,1843
indeed,1842
neither,1842
pick,1840
quantum,1839
jquery,1837
fit,1835
почему,1835
past,1834
faster,1832
man,1831
2010,1830
iff,1829
du,1828
beginning,1828
где,1827
considered,1825
paragraph,1825
regarding,1823
lts,1823
scale,1821
1.0,1820
gave,1818
oct,1816
уже,1815
panel,1814
m_,1813
took,1810
2015,1809
linha,1806
inet,1804
described,1802
throws,1801
i.e.,1798
seeing,1795
enumerate,1794
beamer,1792
irreducible,1792
нет,1791
vim,1789
packet,1789
components,1788
imply,1786
edges,1786
:string,1786
learning,1785
sender,1785
01,1784
itemize,1781
за,1780
значение,1780
404,1779
possibly,1776
css,1776
\otimes,1776
horizontal,1776
\|,1772
signal,1772
biblatex,1771
